<?xml version="1.0" encoding="UTF-8"?>
<!DOCTYPE suite SYSTEM "http://testng.org/testng-1.0.dtd" >
<suite name="SuiteB"  parallel = "tests"> 
<!-- suite name="Suite Name" --> 


             <test name="TestB1" allow-return-values="true">
                     <classes>
                       <!-- packagename.Testcase class name  -->
                             <class name ="com.parallel.paralleltwo" />
                     </classes>
             </test>
             
             <test name="TestB2" allow-return-values="true">
                     <classes>
                       <!-- packagename.Testcase class name  -->
                             <class name ="com.parallel.parallelone" />
                     </classes>
             </test>
             
             
             

             
             
             </suite>