<!DOCTYPE suite SYSTEM "http://testng.org/testng-1.0.dtd" >
  
<suite name="Suite1" verbose="1" >
  <test name="Nopackage" >
    <classes>
       <class name="com.test.Sample" />
    </classes>
  </test>
 
    <test name="Nopackage22" >
    <classes>
       <class name="com.test.Sample2" />
    </classes>
  </test>
 </suite>

 <suite name="Suite2" verbose="1" >
  <test name="Nopackages2" >
    <classes>
       <class name="com.test.Sample" />
    </classes>
  </test>
 
    <test name="Nopackage22s2" >
    <classes>
       <class name="com.test.Sample2" />
    </classes>
  </test>
 </suite>
 