"Story","Title","Result","Date","Stability","Duration (s)"
"Validate payments in MassPAY","Update and Inject Payments in channels","SUCCESS","2018-02-18T23:01:09.939+05:30","0.0","1.65"
"Validate payments in MassPAY","Verify CTO Payments for abc flow","SUCCESS","2018-02-18T23:01:23.964+05:30","0.0","0.47"
"Validate payments in MassPAY","Verify DDI Payments for abc flow","SUCCESS","2018-02-18T23:01:23.132+05:30","0.0","0.46"
"Validate payments in MassPAY","Verify DDO Payments for abc flow","SUCCESS","2018-02-18T23:01:22.115+05:30","0.0","0.68"
