{"name":"Verify DDO Payments for abc flow","id":"validate-payments-in-masspay:Verify DDO Payments for abc flow","testSteps":[{"number":1,"description":"Given \"DDO\" file is available in MassPAY database","duration":27,"startTime":1518975082748,"result":"SUCCESS","precondition":false,"children":[{"number":2,"description":"Searches for items containing: DDO","duration":1,"startTime":1518975082770,"result":"SUCCESS","precondition":false}]},{"number":3,"description":"When I perform deep validation for containg payments","duration":7,"startTime":1518975082776,"result":"SUCCESS","precondition":false,"children":[{"number":4,"description":"Payment validation","duration":2,"startTime":1518975082778,"result":"SUCCESS","precondition":false}]},{"number":5,"description":"Then I should see valid database entry for respective payments","duration":12,"startTime":1518975082784,"result":"SUCCESS","precondition":false,"children":[{"number":6,"description":"Transaction validation","duration":4,"startTime":1518975082787,"result":"SUCCESS","precondition":false}]}],"userStory":{"id":"validate-payments-in-masspay","storyName":"Validate payments in MassPAY","path":"MassPAY.feature","narrative":"\r\nIn order to verify Vanilla in MassPAY\r\nAs a Funtional user\r\nI want to be able to update Payments and inject them through respective channels","type":"feature"},"featureTag":{"name":"Validate payments in MassPAY","type":"feature"},"title":"Verify DDO Payments for abc flow","description":"","tags":[{"name":"Validate payments in MassPAY","type":"feature"},{"name":"Validate payments in mass pay","type":"feature"}],"startTime":1518975082115,"duration":682,"projectKey":"","manual":false,"result":"SUCCESS"}