{"name":"Update and Inject Payments in channels","id":"validate-payments-in-masspay:Update and Inject Payments in channels","testSteps":[{"number":1,"description":"Given I want to update Payment File","duration":517,"startTime":1518975071040,"result":"SUCCESS","precondition":false,"children":[{"number":2,"description":"Update payment file","duration":41,"startTime":1518975071511,"result":"SUCCESS","precondition":false}]},{"number":3,"description":"And I want to inject updated file in channel","duration":7,"startTime":1518975071558,"result":"SUCCESS","precondition":false,"children":[{"number":4,"description":"Update payment file","duration":2,"startTime":1518975071560,"result":"SUCCESS","precondition":false}]},{"number":5,"description":"When I search for Payment in MassPAY database","duration":11,"startTime":1518975071566,"result":"SUCCESS","precondition":false,"children":[{"number":6,"description":"Search payment file","duration":3,"startTime":1518975071570,"result":"SUCCESS","precondition":false}]},{"number":7,"description":"Then I should see related database entry","duration":9,"startTime":1518975071580,"result":"SUCCESS","precondition":false,"children":[{"number":8,"description":"Search payment file","duration":1,"startTime":1518975071585,"result":"SUCCESS","precondition":false}]}],"userStory":{"id":"validate-payments-in-masspay","storyName":"Validate payments in MassPAY","path":"MassPAY.feature","narrative":"\r\nIn order to verify Vanilla in MassPAY\r\nAs a Funtional user\r\nI want to be able to update Payments and inject them through respective channels","type":"feature"},"featureTag":{"name":"Validate payments in MassPAY","type":"feature"},"title":"Update and Inject Payments in channels","description":"","tags":[{"name":"Validate payments in MassPAY","type":"feature"},{"name":"Validate payments in mass pay","type":"feature"}],"startTime":1518975069939,"duration":1650,"projectKey":"","manual":false,"result":"SUCCESS"}