{"name":"Verify DDI Payments for abc flow","id":"validate-payments-in-masspay:Verify DDI Payments for abc flow","testSteps":[{"number":1,"description":"Given \"DDO\" file is available in MassPAY database","duration":19,"startTime":1518975083562,"result":"SUCCESS","precondition":false,"children":[{"number":2,"description":"Searches for items containing: DDO","duration":2,"startTime":1518975083575,"result":"SUCCESS","precondition":false}]},{"number":3,"description":"When I perform deep validation for containg payments","duration":6,"startTime":1518975083582,"result":"SUCCESS","precondition":false,"children":[{"number":4,"description":"Payment validation","duration":1,"startTime":1518975083584,"result":"SUCCESS","precondition":false}]},{"number":5,"description":"Then I should see valid database entry for respective payments","duration":7,"startTime":1518975083589,"result":"SUCCESS","precondition":false,"children":[{"number":6,"description":"Transaction validation","duration":1,"startTime":1518975083591,"result":"SUCCESS","precondition":false}]}],"userStory":{"id":"validate-payments-in-masspay","storyName":"Validate payments in MassPAY","path":"MassPAY.feature","narrative":"\r\nIn order to verify Vanilla in MassPAY\r\nAs a Funtional user\r\nI want to be able to update Payments and inject them through respective channels","type":"feature"},"featureTag":{"name":"Validate payments in MassPAY","type":"feature"},"title":"Verify DDI Payments for abc flow","description":"","tags":[{"name":"Validate payments in MassPAY","type":"feature"},{"name":"Validate payments in mass pay","type":"feature"}],"startTime":1518975083132,"duration":464,"projectKey":"","manual":false,"result":"SUCCESS"}