{"name":"Verify CTO Payments for abc flow","id":"validate-payments-in-masspay:Verify CTO Payments for abc flow","testSteps":[{"number":1,"description":"Given \"CTO\" file is available in MassPAY database","duration":22,"startTime":1518975084384,"result":"SUCCESS","precondition":false,"children":[{"number":2,"description":"Searches for items containing: CTO","duration":3,"startTime":1518975084399,"result":"SUCCESS","precondition":false}]},{"number":3,"description":"When I perform deep validation for containg payments","duration":10,"startTime":1518975084407,"result":"SUCCESS","precondition":false,"children":[{"number":4,"description":"Payment validation","duration":3,"startTime":1518975084410,"result":"SUCCESS","precondition":false}]},{"number":5,"description":"Then I should see valid database entry for respective payments","duration":11,"startTime":1518975084418,"result":"SUCCESS","precondition":false,"children":[{"number":6,"description":"Transaction validation","duration":3,"startTime":1518975084421,"result":"SUCCESS","precondition":false}]}],"userStory":{"id":"validate-payments-in-masspay","storyName":"Validate payments in MassPAY","path":"MassPAY.feature","narrative":"\r\nIn order to verify Vanilla in MassPAY\r\nAs a Funtional user\r\nI want to be able to update Payments and inject them through respective channels","type":"feature"},"featureTag":{"name":"Validate payments in MassPAY","type":"feature"},"title":"Verify CTO Payments for abc flow","description":"","tags":[{"name":"Validate payments in MassPAY","type":"feature"},{"name":"Validate payments in mass pay","type":"feature"}],"startTime":1518975083964,"duration":465,"projectKey":"","manual":false,"result":"SUCCESS"}